<?xml version="1.0" encoding="UTF-8"?>
<project-private xmlns="http://www.netbeans.org/ns/project-private/1">
    <editor-bookmarks xmlns="http://www.netbeans.org/ns/editor-bookmarks/2" lastBookmarkId="1">
        <file>
            <url>src/ASimulatorSystem/Transactions.java</url>
            <bookmark id="1">
                <name/>
                <line>5</line>
                <key/>
            </bookmark>
        </file>
    </editor-bookmarks>
    <open-files xmlns="http://www.netbeans.org/ns/projectui-open-files/2">
        <group>
            <file>file:/C:/Users/ACER/Documents/NetBeansProjects/ATM-Simulator-System/src/Bank_Management_System/Deposit.java</file>
            <file>file:/C:/Users/ACER/Documents/NetBeansProjects/ATM-Simulator-System/src/Bank_Management_System/FastCash.java</file>
            <file>file:/C:/Users/ACER/Documents/NetBeansProjects/ATM-Simulator-System/src/Bank_Management_System/Login.java</file>
            <file>file:/C:/Users/ACER/Documents/NetBeansProjects/ATM-Simulator-System/src/Bank_Management_System/Withdrawl.java</file>
            <file>file:/C:/Users/ACER/Documents/NetBeansProjects/ATM-Simulator-System/src/Bank_Management_System/Transactions.java</file>
            <file>file:/C:/Users/ACER/Documents/NetBeansProjects/ATM-Simulator-System/src/Bank_Management_System/Conn.java</file>
            <file>file:/C:/Users/ACER/Documents/NetBeansProjects/ATM-Simulator-System/src/Bank_Management_System/Signup.java</file>
            <file>file:/C:/Users/ACER/Documents/NetBeansProjects/ATM-Simulator-System/src/Bank_Management_System/Pin.java</file>
        </group>
    </open-files>
</project-private>
